phi_index,epsilon,asymptotic,finite_horizon_limiting_object_at_k1000,log10_error_k1,log10_error_k2,log10_error_k3,log10_error_k10,log10_error_k99,log10_error_k100
1,99/481,STABLE,NONZERO_FIXED_POINT,-1.1871122323454673,-1.7750188386779602,-2.483734463784046,-7.2855927480182885,-68.38497228441949,-69.07148216619575
2,49/121,STABLE,NONZERO_FIXED_POINT,-0.8988687737488119,-1.073615050367163,-1.567874380156013,-4.289003411479385,-39.229499899768484,-39.62208919005644
3,97/163,STABLE,NONZERO_FIXED_POINT,-0.5769186136762521,-0.43357133553470106,-0.9132868903894646,-2.410424015136968,-22.474716293042718,-22.700132163180427
4,24/31,STABLE,NONZERO_FIXED_POINT,-0.14040683760108053,0.3251867986005976,-0.28389131029835113,-0.8766292073538295,-10.800849151514427,-10.911999603630107
5,95/101,STABLE,NONZERO_FIXED_POINT,0.3793624305231553,1.2801726512202016,0.349534769884567,0.6870532530696778,-1.9649868029704294,-1.9898480644178278
6,47/43,UNSTABLE,SINGULAR_BOUNDARY_LIMIT,1.501112967092503,3.458446553508974,1.5392968983776747,2.100401291764612,1.81660539907557,1.81675089477676
7,651/529,UNSTABLE,SINGULAR_BOUNDARY_LIMIT,0.5865127605316882,1.5777502262104655,0.6665364713904509,0.954998493493477,0.8835663676342733,0.8835663687714259
8,23/17,UNSTABLE,SINGULAR_BOUNDARY_LIMIT,0.42030517327967765,1.2041814536001283,0.5270765892178169,0.7319322065899954,0.7046541575743674,0.7046541575744811
9,273/187,UNSTABLE,SINGULAR_BOUNDARY_LIMIT,0.3516677999997597,1.0338645811753508,0.47633662746199334,0.6404642109294514,0.6274810073107346,0.6274810073107346
10,45/29,UNSTABLE,SINGULAR_BOUNDARY_LIMIT,0.31955454136483663,0.9431445885333787,0.45680667962205845,0.5971830999761991,0.589931409643043,0.589931409643043
11,979/601,UNSTABLE,SINGULAR_BOUNDARY_LIMIT,0.30509977862329407,0.8931413591262789,0.45165383300861706,0.5770100172650245,0.5724113616264503,0.5724113616263935
12,22/13,UNSTABLE,SINGULAR_BOUNDARY_LIMIT,0.3004038824276414,0.8671784580200104,0.45416692290101324,0.5697445001320531,0.5665072351826268,0.5665072351826268
13,1131/649,UNSTABLE,SINGULAR_BOUNDARY_LIMIT,0.30162962175415586,0.8568913570633185,0.4612139296950346,0.5704958963128277,0.5680084278960749,0.5680084278960749
14,301/169,UNSTABLE,SINGULAR_BOUNDARY_LIMIT,0.3067606556715834,0.8576915420430886,0.4712007002241734,0.576679546014411,0.5746207612667149,0.5746207612666581
15,85/47,UNSTABLE,SINGULAR_BOUNDARY_LIMIT,0.31470518473135645,0.86693932336423,0.4832878724660219,0.5868572840657507,0.5850414362705294,0.5850414362705294
16,42/23,UNSTABLE,SINGULAR_BOUNDARY_LIMIT,0.3248871281117829,0.8831028235233518,0.4970475816917528,0.600223015596903,0.5985313232861245,0.5985313232861245
17,1411/769,UNSTABLE,SINGULAR_BOUNDARY_LIMIT,0.3370430506159927,0.9053354489591605,0.5122991700489052,0.6163515370383621,0.614699094420132,0.6146990944200752
18,123/67,UNSTABLE,SINGULAR_BOUNDARY_LIMIT,0.35111655104477535,0.9332528150310786,0.5290270440025111,0.6350685687587614,0.6333867257204417,0.6333867257204417
19,1539/841,UNSTABLE,SINGULAR_BOUNDARY_LIMIT,0.3672038338855188,0.9668150654175633,0.5473407559204801,0.6563829344667482,0.6546087613185705,0.6546087613185705
20,20/11,UNSTABLE,SINGULAR_BOUNDARY_LIMIT,0.3855294931213784,1.0062716974170947,0.5674599486495797,0.68045456871954,0.6785235331888089,0.6785235331888089
21,553/307,UNSTABLE,SINGULAR_BOUNDARY_LIMIT,0.4064432923930248,1.052149850638628,0.5897170437233719,0.7075867126495723,0.7054265819797365,0.7054265819797365
22,429/241,UNSTABLE,SINGULAR_BOUNDARY_LIMIT,0.430435296739887,1.105280365550012,0.614576271863335,0.7382384931837223,0.7357632781304915,0.7357632781305483
23,1771/1009,UNSTABLE,SINGULAR_BOUNDARY_LIMIT,0.45817178602585784,1.1668661987786457,0.6426722281863704,0.7730597608553751,0.7701628330546555,0.7701628330546555
24,19/11,UNSTABLE,SINGULAR_BOUNDARY_LIMIT,0.49056041227504465,1.2386099304355795,0.6748768778194076,0.8129564221532135,0.809501997247736,0.809501997247736
25,375/221,UNSTABLE,SINGULAR_BOUNDARY_LIMIT,0.528863188843328,1.32293740532414,0.7124138898785546,0.8592048420468927,0.8550169174641269,0.8550169174641269
26,481/289,UNSTABLE,SINGULAR_BOUNDARY_LIMIT,0.5748966437250083,1.42339607551283,0.7570598157961186,0.9136548139973115,0.9085024029145643,0.9085024029146211
27,657/403,UNSTABLE,SINGULAR_BOUNDARY_LIMIT,0.6314069470006487,1.5454035922627227,0.8115200390723913,0.9791092610053624,0.972686351075879,0.972686351075879
28,126/79,UNSTABLE,SINGULAR_BOUNDARY_LIMIT,0.7028364758802841,1.6977795196135368,0.8801960343116981,1.0600977272369647,1.051995753131962,1.0519957531319335
29,2059/1321,UNSTABLE,SINGULAR_BOUNDARY_LIMIT,0.797098116791993,1.8962927262605724,0.9709602814262155,1.1646609071401244,1.1543305463587217,1.1543305463586648
30,35/23,UNSTABLE,SINGULAR_BOUNDARY_LIMIT,0.9267680864655765,2.169806135151871,1.096349644615854,1.3055584896356471,1.2922560713564906,1.2922560713564621
31,2139/1441,UNSTABLE,SINGULAR_BOUNDARY_LIMIT,1.1353892880523162,2.6056012702996476,1.2998692469520918,1.5265947319069681,1.5093061319977323,1.5093061319977323
32,68/47,UNSTABLE,SINGULAR_BOUNDARY_LIMIT,1.6575066774166949,3.6681410190890666,1.8160283215389548,2.062687197779489,2.0400181193575975,2.0400181193575975
33,737/523,UNSTABLE,SINGULAR_BOUNDARY_LIMIT,1.4472591870604372,3.2657241295456636,1.5989325863306334,1.8685100075737182,1.8385247364142288,1.8385247364142288
34,561/409,UNSTABLE,SINGULAR_BOUNDARY_LIMIT,0.9983317441979214,2.3857400367365713,1.1422366745435752,1.4385273959812679,1.3985058517569087,1.3985058517569655
35,455/341,UNSTABLE,SINGULAR_BOUNDARY_LIMIT,0.7630869350749485,1.9329323438691208,0.8982761655620948,1.226260590890007,1.1723200279216712,1.1723200279222965
36,48/37,UNSTABLE,SINGULAR_BOUNDARY_LIMIT,0.5972873094345239,1.6188435662634326,0.7227902017536714,1.0892472844267687,1.0157267131623087,1.0157267131727394
37,2331/1849,UNSTABLE,SINGULAR_BOUNDARY_LIMIT,0.46643105744213464,1.3744866054941163,0.5812574148525833,0.9958251946164722,0.8942218248743643,0.8942218250550127
38,589/481,UNSTABLE,SINGULAR_BOUNDARY_LIMIT,0.35669045392993226,1.1722217456631796,0.45983454891565856,0.937004632991048,0.7939761151145603,0.793976118393914
39,793/667,UNSTABLE,SINGULAR_BOUNDARY_LIMIT,0.26110600301255005,0.9981450398068255,0.3515507066472203,0.9149021763545875,0.7080292256759435,0.7080292878101204
40,15/13,UNSTABLE,SINGULAR_BOUNDARY_LIMIT,0.17567185343940395,0.8442592287817021,0.2523927854195982,0.9454611921426519,0.6323745460580028,0.6323757717678689
41,2419/2161,UNSTABLE,SINGULAR_BOUNDARY_LIMIT,0.09786558384701394,0.7055333923441438,0.15983520074618696,1.085655846196964,0.5644786508591437,0.5645037729754563
42,203/187,UNSTABLE,SINGULAR_BOUNDARY_LIMIT,0.02599248532699061,0.5785915884535626,0.07218402604410556,1.8388807687838593,0.5024077462451828,0.502941812836383
43,2451/2329,UNSTABLE,SINGULAR_BOUNDARY_LIMIT,-0.041143555354402395,0.46105468851921927,-0.011752343752970518,0.9595408289460039,0.43977247120795937,0.45153052389161985
44,154/151,UNSTABLE,SINGULAR_BOUNDARY_LIMIT,-0.10442024674019024,0.35118005980452693,-0.09284367278826977,0.4925969834731916,0.2750388336869207,0.5511990139567615
45,165/167,STABLE,NONZERO_FIXED_POINT,-0.16450238048273036,0.2476506505884064,-0.17174372272771166,0.17489604683385807,-0.5720259597828772,-0.4571482154300668
46,621/649,STABLE,NONZERO_FIXED_POINT,-0.2219069711135866,0.14944476852216937,-0.2489557936134581,-0.08724102005062662,-1.9445903943505414,-1.958838094959674
47,2491/2689,STABLE,NONZERO_FIXED_POINT,-0.27704527449702354,0.05575209943879145,-0.3248751822257887,-0.3209563932696824,-3.380221998642128,-3.4132440037815286
48,26/29,STABLE,NONZERO_FIXED_POINT,-0.3302508976835927,-0.034082458179778286,-0.3998177586823921,-0.5380166788478746,-4.830199040345406,-4.877616181458194
49,2499/2881,STABLE,NONZERO_FIXED_POINT,-0.3817991957242022,-0.12059753359156389,-0.4740398450886403,-0.7446212652313733,-6.29270678749225,-6.354483509915951
50,125/149,STABLE,NONZERO_FIXED_POINT,-0.4319210191596641,-0.2042427258825832,-0.5477524489928705,-0.9444408875345118,-7.768096567844054,-7.844372813167723
51,833/1027,STABLE,NONZERO_FIXED_POINT,-0.4808126888807607,-0.2853985005640638,-0.6211317186124177,-1.1398243411076336,-9.25686051288909,-9.347785954728465
52,156/199,STABLE,NONZERO_FIXED_POINT,-0.5286433864063689,-0.36439091618891695,-0.6943267997069107,-1.3323604694502365,-10.759553542385447,-10.865282020428879
53,2491/3289,STABLE,NONZERO_FIXED_POINT,-0.5755607336586301,-0.4415027285440587,-0.7674658617715124,-1.523171236799982,-12.276794139597598,-12.397484285543328
54,207/283,STABLE,NONZERO_FIXED_POINT,-0.6097541814791443,-0.5050410084158656,-0.8287199082410641,-1.7011372073615618,-13.797327004724366,-13.933143094791689
55,495/701,STABLE,NONZERO_FIXED_POINT,-0.6220080696339609,-0.5458934888069784,-0.8688562307436882,-1.857548107906588,-15.312576412681949,-15.463689231715023
56,77/113,STABLE,NONZERO_FIXED_POINT,-0.6344729080444109,-0.5863024376218888,-0.9100100561850297,-2.014935794342115,-16.84541870826277,-17.01200642657372
57,817/1243,STABLE,NONZERO_FIXED_POINT,-0.6471578316508886,-0.6263591832058246,-0.9521773397232387,-2.1736072988367496,-18.396676901683122,-18.578925973792366
58,609/961,STABLE,NONZERO_FIXED_POINT,-0.6600727373517437,-0.6661479276463531,-0.9953572141611602,-2.333814515938329,-19.96726590475396,-20.165371999789613
59,2419/3961,STABLE,NONZERO_FIXED_POINT,-0.6732283453323902,-0.705747183044199,-1.0395523413994958,-2.495773429387512,-21.55819670028899,-21.77236567433141
60,10/17,STABLE,NONZERO_FIXED_POINT,-0.6866362692622934,-0.7452309845281402,-1.0847692548234882,-2.65967779847211,-23.170581599742604,-23.401030521120873
61,2379/4201,STABLE,NONZERO_FIXED_POINT,-0.7003090965552055,-0.7846699337083933,-1.131018699125697,-2.8257091052565997,-24.8056406835222,-25.052598923022913
62,589/1081,STABLE,NONZERO_FIXED_POINT,-0.7142604801251888,-0.8241321144126026,-1.1783159751001158,-2.994043950415339,-26.464709544733353,-26.728419943899553
63,777/1483,STABLE,NONZERO_FIXED_POINT,-0.7285052433560217,-0.8636839140682255,-1.2266812979521404,-3.164859706136319,-28.149248487812883,-28.429968620040313
64,72/143,STABLE,NONZERO_FIXED_POINT,-0.7430595003467317,-0.9033907780617518,-1.2761401787214073,-3.3383389919789153,-29.860853369843028,-30.158856910876807
65,455/941,STABLE,NONZERO_FIXED_POINT,-0.7579407939165677,-0.9433179201975435,-1.3267238395852523,-3.514673380293523,-31.601268315900143,-31.916846542670328
66,187/403,STABLE,NONZERO_FIXED_POINT,-0.7731682543693248,-0.9835310095817711,-1.3784696751883487,-3.6940666315434854,-33.37240059259872,-33.705864032203294
67,2211/4969,STABLE,NONZERO_FIXED_POINT,-0.7887627826549419,-1.024096852600815,-1.4314217738305395,-3.876737688788559,-35.17633798864347,-35.528018242810276
68,136/319,STABLE,NONZERO_FIXED_POINT,-0.804747262360257,-1.0650840879859054,-1.4856315144636483,-4.062923613894455,-37.015369131096264,-37.385620905783185
69,713/1747,STABLE,NONZERO_FIXED_POINT,-0.8211468059550615,-1.1065639131805884,-1.5411582581504497,-4.252882619049373,-38.89200726564525,-39.281210640776294
70,105/269,STABLE,NONZERO_FIXED_POINT,-0.8379890419738167,-1.1486108613514183,-1.598070156116819,-4.446897331789614,-40.80901815433282,-41.217581135265334
71,2059/5521,STABLE,NONZERO_FIXED_POINT,-0.8553044514067594,-1.1913036504749943,-1.6564451010303642,-4.645278427565138,-42.769452902843284,-43.19781430336542
72,21/59,STABLE,NONZERO_FIXED_POINT,-0.8731267636145006,-1.2347261291439793,-1.7163718539953194,-4.848368769770559,-44.776686732216604,-45.22531944912484
73,1971/5809,STABLE,NONZERO_FIXED_POINT,-0.8914934247135022,-1.278968348303998,-1.777951387408308,-5.056548213029771,-46.834464971257376,-47.303879723454145
74,481/1489,STABLE,NONZERO_FIXED_POINT,-0.9104461548083336,-1.3241277944278274,-1.8412984938814532,-5.2702392522525585,-48.9469578859339,-49.43770750731227
75,125/407,STABLE,NONZERO_FIXED_POINT,-0.9300316149509733,-1.370310828186561,-1.9065437247524102,-5.4899137395862425,-51.11882640854009,-51.631510804757255
76,114/391,STABLE,NONZERO_FIXED_POINT,-0.9503022106836578,-1.4176343842583385,-1.973835739452717,-5.716100947238722,-53.35530142151799,-53.89057332757744
77,1771/6409,STABLE,NONZERO_FIXED_POINT,-0.9713170670343203,-1.4662280036360684,-2.043344170889881,-5.9493973314746,-55.66228004450272,-56.22085175489673
78,143/547,STABLE,NONZERO_FIXED_POINT,-0.9931432206980917,-1.516236291274062,-2.1152631444595347,-6.190478459732233,-58.0464434491123,-58.629094737980694
79,1659/6721,STABLE,NONZERO_FIXED_POINT,-1.0158570900506794,-1.5678219215308147,-2.1898156329287417,-6.440113710510609,-60.51540220265332,-61.12298971202978
80,10/43,STABLE,NONZERO_FIXED_POINT,-1.03954630437938,-1.6211693551730377,-2.2672588915569936,-6.699184562069632,-63.07787719546883,-63.71134565104842
81,513/2347,STABLE,NONZERO_FIXED_POINT,-1.0643120029799888,-1.6764894900872633,-2.347891305530954,-6.968707577903743,-65.743927103901,-66.40432282838782
82,369/1801,STABLE,NONZERO_FIXED_POINT,-1.0902717567070024,-1.7340255516035192,-2.4320611075424026,-7.249863615846003,-68.52523749305789,-69.2137248397184
83,1411/7369,STABLE,NONZERO_FIXED_POINT,-1.1175633257144781,-1.7940606505339218,-2.5201776067371675,-7.544035398814707,-71.43549271761555,-72.15337426038394
84,28/157,STABLE,NONZERO_FIXED_POINT,-1.146349557989546,-1.856927618673197,-2.6127258428158875,-7.852856493625453,-74.49086077468411,-75.23960239575112
85,255/1541,STABLE,NONZERO_FIXED_POINT,-1.1768248711615552,-1.9230220071974369,-2.7102859926784078,-8.178276122939565,-77.71063491313762,-78.49189737142211
86,301/1969,STABLE,NONZERO_FIXED_POINT,-1.2092239742394293,-1.9928195616752333,-2.8135594994884485,-8.522646377008513,-81.11809700675258,-81.93377622729685
87,377/2683,STABLE,NONZERO_FIXED_POINT,-1.2438338274267178,-2.066900170346482,-2.9234049185077815,-8.88884180677119,-84.74170150681914,-85.59398082928533
88,33/257,STABLE,NONZERO_FIXED_POINT,-1.2810103990333257,-2.1459814040183325,-3.040888156645435,-9.280426988510222,-88.61673431609114,-89.50815349954456
89,979/8401,STABLE,NONZERO_FIXED_POINT,-1.3212027312319243,-2.2309666713472236,-3.1673546408460282,-9.701897177535102,-92.78769524621447,-93.72124353912005
90,15/143,STABLE,NONZERO_FIXED_POINT,-1.3649885087209475,-2.3230163778704878,-3.3045359973785615,-10.159033991482133,-97.31181926994711,-98.29106404835647
91,819/8761,STABLE,NONZERO_FIXED_POINT,-1.4131284319664807,-2.423656692343304,-3.454713146916145,-10.659449139915779,-102.26445943299274,-103.29372921156653
92,46/559,STABLE,NONZERO_FIXED_POINT,-1.4666527507267766,-2.5349526319746456,-3.620975882391761,-11.213449757226662,-107.74765363946088,-108.83230761566577
93,217/3043,STABLE,NONZERO_FIXED_POINT,-1.5270058845535726,-2.6597973201154455,-3.8076567095885423,-11.835484605724602,-113.90444205308299,-115.0512842715926
94,141/2329,STABLE,NONZERO_FIXED_POINT,-1.59630328182626,-2.8024257196571067,-4.02110140501191,-12.546712664445444,-120.94429611770335,-122.16224649358261
95,95/1901,STABLE,NONZERO_FIXED_POINT,-1.6778245896490773,-2.9694009869303883,-4.271148507917527,-13.379934826933166,-129.19194235725018,-130.4932008688268
96,4/101,STABLE,NONZERO_FIXED_POINT,-1.7770641547424297,-3.171715486482384,-4.574280806776777,-14.390098909271572,-139.19136194773813,-140.59362333019277
97,291/9889,STABLE,NONZERO_FIXED_POINT,-1.9043219725306813,-3.4299727012392793,-4.961398171680663,-15.680209140355245,-151.9622946639489,-153.49355405185446
98,49/2521,STABLE,NONZERO_FIXED_POINT,-2.082721883039877,-3.7904236353736707,-5.501872128421724,-17.48150812050281,-169.7940402631688,-171.5054170288167
99,33/3427,STABLE,NONZERO_FIXED_POINT,-2.3860501438057895,-4.400643970359753,-6.417061564760557,-20.531862550389278,-199.99147719551544,-202.0078773600674
100,0,STABLE,NONZERO_FIXED_POINT,,,,,,
